textID,sentiment
f87dea47db,negative
96d74cb729,positive
eee518ae67,negative
01082688c6,negative
33987a8ee5,negative
726e501993,negative
261932614e,negative
afa11da83f,negative
e64208b4ef,negative
37bcad24ca,negative
24c92644a4,negative
43b390b336,negative
69d6b5d93e,neutral
5c1e0b61a1,negative
504e45d9d9,negative
ae93ad52a0,positive
9fce30159a,negative
00d5195223,negative
33f19050cf,negative
f7718b3c23,positive
9ef44428d0,negative
be634ebeb0,negative
3dcf4f7e13,negative
f0ef04109b,negative
8be365118e,negative
c50bdd4567,negative
334954f215,negative
b783916431,negative
1fa8e6ad66,negative
be38b29042,negative
95701e8ed9,negative
4dd58ecd2c,positive
cf553cccd5,positive
55c69c2d52,negative
9b1a52cc02,positive
cce5c4744a,negative
c7f9d559e2,positive
3d2478db59,negative
6d846d7d50,negative
599f51af6b,positive
87daa62920,negative
6506dc55ff,negative
746d87f93e,negative
ef7ef8e474,negative
d3d7b13278,negative
ddc07db84e,negative
67afe60d31,negative
17d18ba9ef,positive
ab57d75f20,negative
f0acd25d8e,negative
cf3b068b03,positive
d6c34fa875,negative
614aed9113,negative
dfa577d3c1,negative
10dcbe4dfb,negative
a0bfb12773,positive
71f4a9b495,negative
d33ed264b3,negative
77f88ea9e2,negative
fe1deac869,positive
e591a725ef,negative
2dbb28cc29,negative
a7e4ad250a,negative
7d87899024,negative
461b51fa58,negative
c31d79c440,negative
32ee7ef6c2,positive
29f805a7d2,negative
d41fe360e4,negative
a04c8c8695,negative
25e42b2bf2,negative
5843d17b1d,neutral
474d10ff48,positive
38e69da3a1,negative
972dc5787d,negative
0ba6aaf9aa,negative
7a81537034,positive
311d2b185b,neutral
1e46d72ec6,negative
390f169584,negative
58129e4130,negative
e6c9e5e3ab,positive
cb5e709de8,positive
a14b4ff440,positive
5d57a5eda2,negative
1e3561e921,negative
c2ea5cb58b,negative
cde0016d6d,negative
5fc411e8d1,negative
5ffb19ae8f,positive
76da985a47,neutral
3a98aa4762,negative
886545bbab,negative
2afe118dc3,negative
704c53f4cf,positive
71fa60d9ff,negative
c238c4dbb7,negative
dc73e85417,positive
af63915fa9,negative
eb2fc4d281,negative
f9382a1f7b,negative
54670ca807,positive
3ab338c459,negative
c7c7f7f025,negative
1256e6a4d2,negative
990cdeae87,negative
9a55d83c79,positive
c8307a482d,neutral
0a21b662a4,negative
297f7d9e0f,negative
68901906a4,positive
3112944847,negative
8f8334ffa2,positive
322546026e,negative
e6c154f9be,positive
e96d849b35,positive
124e30d941,negative
fbb5742bbb,neutral
e90acf3c42,negative
0b0944285d,negative
a11da2d3bf,negative
161bfc7c8a,positive
4a65010643,negative
1b460c82f0,positive
43e91a5488,negative
410dd99aa3,negative
b3eadfc565,neutral
480894125b,negative
001617fca4,negative
52f2f23473,positive
e7e27b0c91,positive
834dc73c0c,positive
aeb0e9d730,negative
c672c9da1d,negative
cbee1946d3,negative
b1999f0951,negative
25510fbf89,negative
bcb9426abb,positive
0d29624200,negative
3f0f5891ab,negative
0b34e66ea3,negative
11de8c0456,negative
d5712716e9,negative
3f90f95beb,negative
c108e09b19,neutral
7223fdccc2,negative
f254748cdb,negative
256453d14f,positive
8fd01857a9,negative
37227c0dbf,negative
20aff2fcb1,positive
ca223af36e,positive
90977e9614,neutral
433b1ab9ea,positive
37771d1bc1,negative
fa99046452,negative
14760477ad,positive
da908a6635,negative
2053a455e9,positive
1ea547383b,positive
6634c62acf,negative
c7240790da,negative
08ede23635,negative
4e87dcff0e,positive
4b0b53bc98,negative
fd3a622954,positive
e34af4fd97,negative
0e8aa10a4e,neutral
29148dc95c,neutral
56a15cf6ca,negative
b99969c2fb,negative
b0f3142cb4,negative
5ff525b74b,neutral
4fd80e66e0,neutral
e77a8f8f2d,neutral
4ea7102112,neutral
6a14956779,negative
7c2fcb712e,negative
cdd172d6a7,negative
d2a21b3cb7,positive
799e17e7a7,negative
0a49cdbdf6,negative
4a13c1093d,positive
9407ce6ccc,negative
820f19ca44,neutral
683bb73c09,positive
0d14593b11,negative
9ac13b3739,negative
16ee71e6df,negative
f5d47f04f5,negative
e131c496a2,negative
bc6d7b4364,negative
c87be630b5,positive
e4ad1684bb,positive
f7835156a5,positive
03bb148b87,negative
b47c430fda,negative
0234e16010,neutral
be9ed19513,positive
bf7240df91,negative
2f883c6eb1,negative
a1320a5050,negative
d72a60bee8,neutral
bc9ebe0002,negative
64ddc1f8a2,positive
03f6b8d900,negative
2d475b1b23,negative
87473f5175,negative
7a09871d21,negative
96ec2855e4,negative
45cf9ba329,negative
bab68144cd,negative
fc49e426f5,negative
a172818c9e,negative
036191bb61,negative
3ef85c201c,negative
ea348ea738,neutral
fd10f463c9,negative
e6e02e1be6,positive
8112c62d00,negative
0f89951346,neutral
f3ec0395b0,negative
37ffa83550,negative
cb8c730261,positive
be33b5cb9a,negative
4fed31099f,negative
de288eb45b,negative
7ab82d9fda,positive
9d8a45d308,negative
d25c4179f6,neutral
6cd35dd82e,positive
65275b51e2,negative
9fae9e3145,positive
e515132ae4,positive
df3c7485ae,negative
bd8ba2ad7e,negative
58be40735c,neutral
b5a0a16fd7,negative
044f146e5c,negative
a8e17db0cc,negative
abda0ac082,negative
b01506af48,negative
53969f2468,negative
4df63939ef,neutral
f43efa3560,neutral
c89e41fc7c,negative
b9ec075666,positive
ca333e378d,negative
5a91b175f6,negative
ac00adda49,neutral
cf9dc7479a,negative
005e2e60d3,negative
0b1fad03e9,positive
2c72a5582a,negative
af0778ed50,negative
1e0416ec46,positive
1e6f72ea44,negative
cc930f7aa8,negative
9c202174a3,positive
b9a1df7a8a,negative
7b3132d3cc,negative
5f80970983,negative
f008d91039,neutral
c223721eed,negative
7f8a3308f8,negative
3f7adda0a4,positive
6c60cf0bb2,negative
f77651be05,negative
aff740a028,positive
c3f1116734,negative
4b57011c85,positive
cb4266c560,positive
dcb3bb2912,neutral
f61b40624e,negative
b6d2229b03,negative
299fda8c5b,negative
fbea09d42d,negative
1b62e0c672,negative
2452a0aa6a,positive
8a821c6d63,neutral
0f93ebfb23,negative
dd655c5aee,negative
e94ceb6edd,neutral
61e8b484df,negative
5be41389ce,positive
bd0f0ebc57,negative
772ba56ce6,negative
390f00c85a,negative
4a680661d5,positive
e2505e6219,positive
0d85e6d515,neutral
086671fad9,negative
9c99cd9396,negative
f35cc8bb35,negative
5ba64af2fd,positive
dbd82ea5bd,positive
8b6c53f38b,negative
e8cb7f18bd,negative
9ea273deaa,negative
cf0d831059,negative
8f0bafc9dc,positive
0888d7dab7,negative
04d3c2d056,positive
8bbaca6e4b,positive
4a9529e753,neutral
8be2d4f69f,neutral
d9c10546e6,negative
90be8eaffb,negative
8ba332dbbd,negative
1086c26e82,negative
b357b9e7d2,positive
0050eebd18,positive
426cb788e5,positive
d30d23e543,negative
04a204382a,neutral
2bc1a7126b,negative
a2fb29c072,negative
a2bbae6c4c,negative
0ce30035ac,negative
b3505b0aa7,negative
99fcc18a8d,negative
2b6bc6920b,positive
d40dd3b17b,negative
5aa8a5280f,negative
7dd57c2598,negative
142108215,negative
f4aba8da1c,positive
9cf9045a3c,negative
1962095a32,positive
9acf7846ab,negative
e4d58eb70f,negative
791b4a40af,negative
0c415791d1,negative
3bd0bff670,negative
c7f27553b8,negative
a717783c80,negative
5a2add1cd8,negative
5999397144,negative
54a3eab849,positive
77b6b38e7e,negative
dd6ea8c37a,negative
af08dd0be5,negative
3cd447856a,negative
d7765a3fd6,neutral
509033a1ff,negative
b09f14d65a,negative
3160620b36,negative
b2e3ebc647,negative
1f9644b008,negative
1fee7a1358,positive
42d3659c3d,negative
8746563ae3,positive
01fb29c047,negative
065e4c2dba,negative
d0380dbe70,neutral
d0c092c3ee,neutral
ed92ed183a,negative
75d0302de7,positive
96c5092f80,positive
ddbc8dba62,positive
80b61dc4e6,positive
37897b1693,negative
7a4af13b01,positive
000ceaec55,negative
97cd2255be,positive
bebfd966a0,negative
bebcdc05ad,positive
e2ea1af68e,positive
25c3c99b1a,positive
ee27c73f40,negative
f90a6f5da0,negative
49e9fe8b96,positive
b34a3e3d72,negative
0a96d05fdf,negative
ab3f55a84d,neutral
0437867c21,negative
80ea9ba96f,positive
4914c3c579,negative
33bb4fcc72,positive
f0da745521,negative
351d279fba,negative
b5237966b8,negative
55cec41587,negative
2cbc372326,negative
8997a62a75,negative
bce5834e03,negative
a9b9f7a878,negative
d72edc0bb2,negative
2fdd2501d1,positive
5fcaa99ec8,neutral
3dfd82c60f,negative
16f31448e1,negative
bab04dc463,negative
109b636fa5,positive
cc29d748cb,positive
bf4b4c0f0b,negative
64b297c15e,negative
bc1fbaf4a1,positive
f59d8d766f,negative
8a1bf14c15,negative
acfcaea70b,negative
97e53162ff,negative
c0b7788e74,negative
15c531b290,negative
23efa13d7c,negative
c44b286776,positive
29ed43caca,negative
6693f9c143,negative
94e0c7c638,negative
6114b48cb9,negative
32463a2751,negative
65ed990460,negative
505f50a90d,negative
481e268403,negative
5ce968f9be,negative
52ad93b3fe,neutral
e892068fd3,negative
226adfd977,negative
47f11efc72,negative
d7b1ac80c4,positive
401cc22f49,negative
583bae2083,neutral
f003be5308,negative
49ce2570e5,negative
0693a85163,negative
4b273cd32a,negative
22003c0e96,negative
0fe049b7ea,negative
3d1184dabd,negative
c2392d49e0,positive
a25ccabf06,negative
9b3fcf1668,negative
d7746b6b68,positive
86c20cf6ee,negative
393b22b6c0,negative
3c03dc0dd0,negative
25e2db9995,neutral
d17a3a37e1,negative
58f1b52257,negative
32489d483d,negative
00d907ce33,positive
a7f2db128a,negative
d39e6da95c,negative
09fea0f3a7,neutral
31eb8ebd2a,positive
4dda8fd71a,neutral
e4d6a48aa7,negative
d0b52412b8,positive
14acfa72dc,neutral
c6d6fbb9a6,positive
797f9cddc0,negative
4c5672e236,neutral
d35f126ad0,negative
efdff6dde7,negative
4dd3339756,negative
dd3cd66574,positive
e83b4e9bf0,positive
7a27c3a84d,positive
19de569235,negative
66f1863628,negative
3690fcb40e,negative
bad6311330,negative
75499e3bd1,negative
27d6472b81,positive
80995dff29,positive
ca2d9efd4c,negative
12bb670169,negative
70b4033f03,negative
8df42cd45a,positive
82bc030c0d,negative
9d6473d14d,positive
146257b271,neutral
2fbae49319,positive
b56108fc36,positive
ed54440a2e,negative
c135b2cef2,positive
48c3502151,positive
5e6040afd3,negative
3ea60172a0,neutral
96e1deb162,neutral
819626535b,negative
fec3cae0c2,neutral
89d9167173,negative
dd911923ea,positive
4f8c391159,negative
403847cf44,neutral
dad1d09bfb,negative
56f5217a16,negative
4a9ef1f9d8,negative
5a42a51462,negative
c5a584d398,positive
fee936fdc3,neutral
2813c4cf7e,negative
2246ed3d84,positive
1b1243d0b5,positive
09042bf466,positive
40e3087f9c,negative
ad94e8b662,positive
fc0b053a31,negative
9f2a0b0b2f,negative
7516f86838,negative
2492330594,positive
9aa7d6a58a,negative
083e4f782b,neutral
ba5e02305b,negative
9f4bb12e13,negative
7a01848c2e,negative
ae285917c7,negative
5575fdaf3c,neutral
af3fbd5681,neutral
db7211afbf,negative
23602f214f,neutral
c3459bc0bb,negative
f02eed05d0,negative
ff7126ea72,negative
567ef8c2ed,negative
d50a4dc3bf,negative
d6bd94911e,positive
23bf2d69d2,positive
a6623df1a6,negative
34409c9b8a,negative
6a36ea6690,negative
c5ec3e9e37,neutral
e74d67a818,negative
b09824d000,negative
3af70d3bc2,negative
5e5cb6d0a9,positive
0db9bf3e1f,neutral
4de0e1bb73,negative
9a6736745f,positive
8d40f9e62d,positive
727e51734b,positive
db23b82d03,negative
e03a74beca,negative
80b171ef7a,negative
d49d1b7de1,negative
4809e143db,positive
0edb544179,negative
c50f940f43,negative
9a27ba671e,positive
27c4e1f089,positive
9965c5a810,neutral
4f6d52cbd8,positive
6c0bac4f19,neutral
e692bbaf63,positive
365974d586,negative
32db5fc0a5,negative
600c58d8b3,negative
792c269f24,negative
2c6f1f637b,negative
c6322a85c2,positive
3aa450d12d,positive
10ad2966fa,positive
96b3a98962,negative
b5c13364bb,negative
06ae0360a2,negative
060db97af7,negative
67d5b57919,neutral
a4388148b8,negative
e43b9a1497,negative
527b27665d,positive
dbe35b6a0d,negative
92c4eadecf,positive
b1cec36547,positive
1b5dea3fe9,positive
8d8c915ea5,negative
9b46f1ae17,negative
1c68a5f609,positive
b9a6b682b2,negative
092c10bd84,negative
84fd3611d6,negative
9b8052833a,negative
f9bdd41842,negative
13c47e9bc8,negative
9a1eaacda3,negative
8645bcae50,negative
b70c6bf768,negative
f67575d0e9,negative
ba93b78cfc,negative
77c659aa89,negative
303a1773cf,negative
aa8b44f1b2,neutral
bf95b25f9d,negative
b21b048c1d,negative
4f7cba2eff,negative
31dbbd2bb4,negative
a7506a67a4,negative
b2c81f2c95,negative
99c5936498,negative
7315faa6ce,negative
132462ca21,negative
a7225483b3,positive
2dfb1e0fe3,negative
3a013a37a6,negative
b70639aec0,negative
0b5a804a3c,positive
78ccd0cec0,positive
1c464c8953,negative
29da8ca76b,negative
9d414d77dd,negative
4d05d59122,negative
5a2393940b,positive
2fd9eef1f8,negative
938c32de3e,negative
0e3d04ed05,negative
9a0fce6d7e,positive
32eb024489,negative
6af90a76e4,negative
2b68738448,negative
af087c9deb,negative
8823244442,negative
9bb06e4848,positive
717e76b467,negative
3b6fdcc518,negative
f6cb27e38e,negative
419f3e9ef8,negative
f29654c873,positive
7e46f3f92a,negative
43ad351369,negative
853ebd7b47,negative
ef60a2d1e7,negative
983088f2b4,negative
50b353f751,positive
c4cad35b0f,negative
9c44566550,negative
32b28d840b,positive
d576839165,negative
86f3b2e352,negative
ef1eb004ff,negative
36bc98037c,negative
faaf6a6f64,positive
69789cff46,negative
586a76af3d,negative
dfd9f1800b,negative
e0090fba83,positive
d9e1b10a4f,negative
0e5d9cd378,neutral
1a82a50aa9,negative
57ee48d640,positive
e0794d1a3e,negative
2baa1924cd,negative
c3261537c6,positive
4acd2d7380,positive
259ab53f07,negative
c180265483,positive
1e7956b538,negative
c8a9799256,negative
9fdac069e1,negative
e27ea173e0,negative
e468a185dc,negative
fe626ba958,neutral
995db37ffd,negative
a539826f28,negative
5efc764068,positive
e133dbdc62,negative
e74af209c6,negative
aca7565010,negative
cac874449f,neutral
bff45fe27f,negative
60521a571e,positive
3b6a25d97c,negative
bcf13877f7,negative
c4a8602e0a,positive
4e06f98760,negative
62aebe35b6,negative
0237b6fd87,negative
c860b3f840,negative
cfdb8ea6d8,negative
935a3c2bf5,negative
c1e33be64e,negative
000b3211af,positive
ffa3258a83,negative
10f2498c35,neutral
35674461fe,negative
4c086d6a58,neutral
d6a8cee69b,negative
8e4553e921,negative
cbfe82ef26,negative
9fb92f7504,negative
49ffb6b465,negative
ed0ace22bf,negative
dc346c6f1c,neutral
178b3ca782,negative
0e83e0955a,neutral
6d3596cdb3,negative
696a2abd8a,negative
26d169a9e9,negative
52fd9f56fb,positive
2f7b589c41,negative
1620bd719e,positive
6e805ea65a,negative
08f6036add,positive
ce4b5fe266,neutral
792c97a352,negative
384a8c1c53,negative
8c08631422,negative
daed8640af,negative
0c79867978,negative
fe588dce16,negative
30b5985a07,negative
c3e87ee9c0,negative
5bbfbb31da,positive
41cf23c2d2,positive
e027169ec6,negative
6c843b2f56,negative
29736d30cc,negative
2da7ae1656,negative
0927b99040,negative
a35cb60975,negative
7e49648b99,negative
b7234b7720,neutral
5bbef6942a,positive
c9e5ca399a,negative
d7607b8133,negative
2d5206550f,negative
13632b763a,negative
f841b0e812,negative
09e0880c54,negative
bf2419a824,positive
2fac1b845b,negative
15fb68bf9f,negative
a93afddcdf,negative
8ec2997024,negative
6559ad2e3e,negative
a2867122b8,negative
17deedd7a4,negative
d27429521a,neutral
273aa26c3d,positive
c12a98d8f3,negative
0a60d11178,negative
58b7571313,positive
a25f8983ff,negative
9b172f1737,negative
c016333e85,neutral
63ec4e7de6,neutral
7796395821,negative
4f2e517832,neutral
b3b338bcd0,neutral
add95c3198,negative
c41d259d60,neutral
3099b7261b,negative
15892f296d,negative
d12acf4e01,negative
dad3160e52,negative
598603422e,negative
c3c79502f9,negative
02b43cd23c,negative
058f39acca,positive
90af5c843a,negative
200f2b3566,negative
85f882c027,negative
5496094dac,negative
866582d5a3,negative
cb20977501,negative
ddfc2cc8b3,neutral
0de656eac1,neutral
6be59d11d8,negative
31d260e718,negative
b22aff92be,negative
96cc75e508,positive
664d148574,negative
6872aea3a9,negative
21d77a32fb,positive
5d8cc77f93,negative
803e9c0931,negative
16ca8a5ecc,negative
038c049e2a,negative
28e1999323,negative
438a7d203a,positive
0117a03b6d,positive
cad99e531f,negative
4987bf323b,neutral
ba3e84e67f,neutral
b2dc59805a,negative
797aa81fda,negative
0ea64bcbe6,negative
4e7fb463e0,negative
b33c27ad85,negative
50eb2a08c3,negative
0ee55890a7,negative
eb9c11eb52,negative
cf16d0c659,positive
f7aa65a988,negative
b8a3fea60e,positive
5389177883,negative
e59fd12277,negative
264f1af9a0,positive
d19724f22f,negative
9d4dfb1f9e,positive
e6b380cd3d,negative
993c6eadd2,positive
7993d38b85,neutral
42caab438e,positive
b5e7df1efe,negative
017a0bbb36,neutral
12cfea907c,negative
43449f0068,negative
795556dc39,negative
38e8111514,negative
18ee9d146c,neutral
f5e9c0eef2,neutral
434e673353,positive
8b8932427d,negative
c5f383c0a0,neutral
1.03E+211,negative
8def10379e,negative
74af7e0835,negative
bb53ba1a89,neutral
11c5c7850b,negative
455ef3e9b6,negative
d761530c7f,negative
ed1e06027c,negative
47b4e91e39,negative
0b39781a5a,negative
8fbd0b19e6,negative
8429087609,positive
7900f25fbc,negative
312868ebb2,positive
5f2c04acd4,negative
55b8e44c02,neutral
106aa6d022,negative
4975dbda48,negative
a3145ba47e,negative
7e19629684,negative
3495e809b3,negative
a1b67a24aa,negative
a0b1828b67,negative
311985067b,positive
c392253b42,negative
62f3e63c1a,positive
2942ed51f6,neutral
03798acf38,negative
fd1ebb37c3,negative
478a005e7c,positive
9608ece440,negative
e6b24b7014,negative
105b761a2c,negative
cca7cce9c8,neutral
d0b2e14355,neutral
f27f60c847,negative
5380d2b0e5,positive
38148a3e98,positive
b29ea1892f,negative
7dd51bdec1,negative
409767144d,negative
c627db4613,negative
9fc2217d38,negative
d14b33ede0,negative
e7ed611f06,neutral
a61d4c6048,positive
74b427ffa8,negative
c7568067cd,negative
8a6cdf6832,negative
f4d1a681af,negative
f81d71d2c2,negative
029a603b00,negative
e6826a5aa5,neutral
1e41208494,negative
23f4fd4385,neutral
aa17c6f797,positive
136b1926c9,positive
6f381bb00f,negative
c0d5be8bd4,negative
e09b90939a,positive
ec835dc0b0,negative
eaf90c4253,neutral
41a96b7954,negative
e5a26fb323,negative
4e5d66beb2,neutral
4c5a7e6ffc,negative
53714350ac,negative
b4401d6b4d,neutral
05ff657624,positive
dd72ee1430,positive
094e0509ad,negative
0182dd7de1,positive
5b70f8bc73,neutral
8c280d0f80,negative
98c02118e6,negative
f4f24160c3,negative
80420cfe74,negative
5f1811bb3d,positive
c7d3ab998a,negative
7abd932d50,negative
ed298c6e5d,positive
3257bafde1,negative
2c150a0703,negative
2252c58ab0,positive
7d933d9d21,negative
f6400f56e9,negative
4477b985e5,negative
66019ddc8f,negative
a7cf141043,neutral
4b2b16581a,negative
e1a3e4575d,negative
719934e5e0,positive
dcba201932,negative
a55208f877,negative
c13f8a6154,positive
e0eeef2f3f,neutral
003816f151,negative
69c36e5f81,negative
898c63c69f,positive
b01100d6c6,negative
131da67079,negative
2a83e56667,negative
83b44dda65,negative
b3fa6e5c24,negative
03e41eeb4f,negative
83fc759a0b,negative
ff9722bca7,negative
ebf6233a5b,positive
9e4228219d,negative
25ce9a8b1b,negative
ed6a316e8a,negative
4244aec072,positive
90751fc00f,negative
c653189d96,positive
9b2b40dda6,negative
e4838b68a2,negative
0ce20ef06e,negative
fb030409ab,positive
ae1b11d7ec,negative
8739e2666f,negative
e9a77e014a,negative
7920a12924,neutral
8c091fb754,neutral
d3e52b51b7,negative
4addb8e422,negative
f18b102ad6,negative
7720aca199,negative
6115285ce8,negative
a7af432585,negative
28db608c0d,negative
7e45ea194d,negative
4760319f17,positive
f3de150883,negative
7e82aab535,negative
bcc50747b1,negative
357483f649,negative
261a5bbd14,neutral
b03e2a23e5,positive
ad37dcf4ff,positive
5cd1ac2c57,positive
7f0a146e26,negative
3626f85ac4,negative
cbd04fb4eb,positive
b8f7efe383,negative
d2ca4e1d3c,negative
8eedc5a2ed,negative
3b5aecf8d6,negative
a154540c08,negative
48801ef73a,negative
91412dffcb,negative
68a9b81741,negative
458f7b2493,negative
cf05148ed6,negative
c963a42282,negative
3d17d4b72c,negative
eb79aabf05,negative
21d05898d3,negative
e76b1c30bb,negative
2c5f261ff3,negative
d3935b8571,neutral
2a35e976ea,neutral
3d128b58d0,negative
67348350a4,negative
93b5d1bbea,negative
ed6bd3958e,positive
45e3f93e9b,positive
51051cb758,negative
b84ea78203,negative
441dcaef31,negative
b4e721aa1e,negative
a92e8ab2a1,negative
31d77e5ff5,negative
e887fbdfd5,negative
78094a1191,positive
a447f480ec,negative
e2fdad0321,positive
67cafda653,negative
356bdefc64,negative
d6ce1fc670,negative
d613b00386,positive
507a584ae5,positive
2418966865,positive
6247a1db0b,positive
e48cf1bff4,positive
6e693017f6,negative
2c60e1c7a2,negative
b770afa9e6,negative
fe7c9215ae,neutral
472c3e2c41,negative
0d7697aa10,positive
fe09df7e91,negative
33eb5a33be,positive
bab53b4152,negative
f877442216,negative
311740836a,negative
80aff8d880,negative
fe89e929f4,positive
0f4be91a14,neutral
5225c062f9,negative
bd499c0bf7,positive
483bb46b97,neutral
dacb6d78af,positive
98b6544758,negative
275fa7a3f8,negative
346ce6428b,negative
086bee572e,negative
22df86426d,neutral
63dcc7d29f,positive
f7ac9e16e5,positive
59159f2163,negative
c7fc03de4d,positive
002bb8f1b3,negative
d112d2e5bf,positive
c762607c42,neutral
09b5db7af0,negative
aa51082711,negative
d4b544abff,positive
ea1e41d586,positive
ba28fe48b2,negative
39e9f0e449,negative
209de29f24,positive
52aad0e22e,negative
21ab400cb3,positive
e93220b868,negative
57ea442d4d,negative
88a120f336,negative
52fc580b72,negative
3dc1ed5f06,positive
fe2f3f3359,negative
e170fafd8c,negative
b38df0845d,negative
cf1739382c,negative
63e434fbf0,positive
43d10bd312,negative
6230b5c435,negative
c6bc7536ef,negative
c8caef9df3,negative
213eae85e9,neutral
dce070190c,negative
8db4aaef4a,negative
cf95521362,positive
c1dc0dd0f6,negative
951e093497,negative
5a34a7e52c,negative
59f6677324,negative
9b0db4e33e,negative
c9e8281f8c,negative
cac1ba6f5a,negative
da8a88b872,positive
196e5dec12,negative
811dc7e401,negative
a777619b23,positive
8cdaa4f6d8,negative
6aa5004916,negative
ff7949688c,negative
309706ed4f,negative
2.91E+08,negative
afa094db6a,neutral
b694518332,negative
2d76387d6e,negative
0b3588bf63,positive
0d401237c2,positive
3922543d77,negative
e3082089c9,negative
564c21df63,negative
2c8062a094,negative
515793e794,positive
c435fb9416,positive
c5279762d3,positive
97eeb0161d,negative
f0f6fda1f6,positive
e8ce4f8bdc,negative
c881dc16e9,negative
89d0aed1ff,negative
2ef49da640,positive
7db53ed89f,positive
a2819eaa7a,positive
37b50ef2a5,positive
4cc7d9995d,negative
c0abd616ab,positive
32058d2bb5,negative
144252776,negative
0c8dd8b628,positive
c80d7e9b26,negative
102384b03c,negative
f97b498af4,negative
908abc1bd1,negative
0187f448b1,negative
e833f3a85d,negative
f980f61df3,negative
07b57f906c,negative
18ee7c255c,negative
f7dc083f08,negative
6d43a06459,negative
44da06d16c,positive
938f7e936c,negative
ffd54ac7f7,positive
e1c4ad96a0,neutral
68e6a47c75,positive
05f4f3ddc3,negative
026d3b6611,negative
aa7362d09b,positive
c10d6fac3d,negative
d554ee2fe0,negative
8534e70d73,negative
a9bc0bc35d,negative
4b2b6a59d4,negative
80a1ed08bf,negative
cebe0fc8d3,negative
a1833e30a5,negative
f820ad932c,positive
9e25d010e9,negative
a3b686ba61,positive
5d9b0f4b31,negative
7e69bec42c,negative
422cd4f89f,positive
d78be7b22e,negative
95db70d9c2,negative
f2f05cbdae,negative
ab43c568d8,neutral
9b04365a55,negative
2f136d0402,negative
dc4fa42628,positive
1cd62f2da1,negative
170f84ffcf,negative
c8e099fef6,negative
1e1cb8d9a4,positive
9d968ef838,negative
ca10e6b390,negative
d59c09da6c,negative
16b8e23839,positive
e9dd5ad752,positive
a1ac7a0543,negative
56395aff30,positive
356c8f7848,negative
8d85d53e36,negative
320a6e56fc,neutral
88c2d7f95e,positive
0740ae9f9b,negative
4d7def819d,neutral
50c0004af6,positive
bcbc9b5e75,neutral
93236f076c,negative
be4b907022,positive
760723a562,negative
f66a3af202,negative
6e60ed6d59,negative
9c01aa6afd,negative
412790a2ed,negative
266d2b648f,negative
4683236241,positive
3b45abf7b5,negative
9f8cd8c991,negative
c3a4f9710d,negative
1914dd82b2,negative
51a31aa9a1,negative
7b9f3f4f39,negative
88c7658eb5,negative
474b02cd39,negative
a5cee2035b,positive
c7e1468a65,neutral
5a877ae4b8,negative
b8a77cd14c,positive
b2bada7873,negative
aab1caabf0,negative
7240ccb4b2,positive
c26aabf505,positive
4f05a05989,negative
f4c7e939ef,positive
1f2a8f57c9,neutral
9048ec6e22,positive
c8a8b0e791,negative
3cb4d10927,negative
112591001f,negative
0b91f39c27,positive
bc28048a07,negative
9f32a3213d,negative
8d548b1783,neutral
fc7842b0b4,positive
3285374ab0,negative
d2141d6d47,negative
c032793654,neutral
8bb73c2ccd,positive
0996990dca,negative
c635a113c8,negative
88a4261005,negative
11b14ae498,positive
12005b65fc,negative
dbabff5048,positive
0415387eb8,positive
d26016300e,positive
e150ad9d31,positive
5c0e819f2b,neutral
462978616d,negative
75dc8a3ff6,negative
a9a725abfa,positive
ef1debc105,negative
5c2ae1e5f0,positive
b820cb8056,negative
dc6dae7f3b,negative
3d0c74e523,positive
0de2a265ef,positive
86ae985c48,positive
cc3b05f756,negative
5524acce17,neutral
b33e54d9c8,negative
f288113937,positive
1137d77ecc,negative
496abe9ad9,negative
5b204b5429,negative
c0414a6961,positive
65bef2f8c9,negative
65e715d6e5,neutral
4b34697ec5,positive
36c50ba510,positive
cea5b3f191,negative
aa221b6a7d,negative
ffcd5cb36e,neutral
cb8ff954c0,negative
af9a810c77,negative
d98aa88591,negative
a7977acf38,negative
5a9faa4da8,negative
1b8c3ffa29,negative
aa1a163174,negative
a4bb5d0c5c,negative
24e58e264b,negative
01f2c9bae6,positive
e02cb0c9a8,negative
3f8df1fed3,negative
4b8092674a,positive
ef7149efd3,negative
c00890fdfc,negative
e3592de395,positive
ad970e1d3f,negative
098f6ce321,negative
2cd5a21fbc,positive
fcc4f3baa5,negative
b86fe0c61a,positive
ea1b1fd1bb,negative
ec00ec25c7,negative
17d1fdde01,negative
91de6a547d,positive
6e8fb1ede7,positive
fd9f6c3e21,negative
c3892f8e77,negative
639aeb628f,positive
ef465b57eb,negative
e0ead16a3d,neutral
b09213d54b,negative
79256fbe62,negative
5813e09e81,negative
50d03d593e,negative
6816923abd,positive
2524332d66,positive
1900a6978a,negative
e8d9d9671b,negative
c69ccdfa56,negative
3c6723fa1b,negative
85e2495324,negative
16b52fbd17,negative
755bcfd6a2,negative
fdc09f2f0b,negative
1643564ce1,negative
b4b9d74b06,negative
b593189c2d,negative
7a83b8c7e2,positive
66762b14cd,neutral
7d59117a75,neutral
a769b2340c,negative
4d31092a19,negative
fc4660a609,negative
74450e128f,negative
337ebe2747,negative
9db7e301b9,negative
7013b54ea6,negative
990c3cf35f,negative
10c5d92ceb,negative
b8293bb838,negative
cb8cb99053,negative
a22d319e5f,negative
4d3de34efa,positive
8e092e15ed,negative
356fce670b,neutral
1ad6adf2ab,negative
53dbbbdf7d,positive
5534df9445,positive
ea390d1f7b,negative
7880cbca66,negative
58aa2e3401,negative
d65a8658b0,negative
3e99f423ba,negative
d1b38c33f4,positive
0345e7e526,negative
53eacec2ef,neutral
ad2d036578,neutral
9e5e8ab6a4,negative
47126dd509,negative
e9ef9a00e9,positive
3da51fc31b,negative
ddc89d5956,negative
499f7fe7dc,negative
1f35cb2e27,negative
23ea783065,negative
dbae8ffc58,negative
46e5a5f63b,negative
b9d896f209,negative
25080c4bad,negative
760b2e5dfe,negative
580f2c99e1,negative
e243bee98c,negative
12b499b4ca,neutral
95410148bf,neutral
3acd68b4cb,positive
f3933c4b73,negative
245e5f25e2,negative
70740addc0,negative
29d1ec5e7e,negative
78a3ef0435,negative
f71ed6b273,positive
abc7f39d90,negative
b145670ac9,positive
a193f3b9e1,negative
cccb3d7081,negative
07ae045cbe,positive
a5640db7a7,positive
cc1a219c1c,negative
1eac051f9c,negative
31f2861133,neutral
8e65e54144,negative
61ee532258,positive
52020ad422,negative
7bbc5a2473,positive
dd2a769f04,negative
b4ebfb22c6,neutral
51bdb4d865,negative
f948e704f4,positive
87fa9ce0c5,negative
f734459c4c,negative
5e14887b13,negative
85eb03d6b8,negative
7909fa421f,positive
36631a41d0,negative
8f11bf53a2,negative
7e21d8a7ab,negative
2f00504c96,negative
bc14c389af,negative
dae7a3eeb1,neutral
9b7811b2e0,negative
06b8d9e26c,positive
bcd7910701,positive
7c229b34c1,negative
f26105a320,negative
0a5e7d6cb1,negative
b34a3fd669,positive
05810a7cdd,positive
8531be3694,negative
70187852a7,negative
31d03bff54,positive
2938f51a3a,negative
a153babf33,neutral
4baf1c6930,positive
d409e4ce46,negative
dbc696a3ef,negative
237b093176,negative
2b8b0a7d10,negative
a8a1e94417,negative
c99820b355,negative
4841c38e53,positive
bd3b30d13c,negative
8c03f75944,negative
570a5c063b,positive
383aa5ec8b,negative
038a99e313,positive
8862c02132,neutral
d83606a58a,negative
9412b17d47,negative
db76d74945,negative
f873960a48,neutral
aaf69acf6f,negative
361b6281a6,negative
1fb696a58c,positive
51f56d7464,negative
1b673ea212,negative
ffe02fe3f5,neutral
8255b23e72,negative
e108bb4fa1,negative
9599acaca6,neutral
3bd6b2df8c,negative
c281b14817,positive
93eb6effbb,positive
30abfb5b07,positive
419862456e,negative
5c8a453297,positive
2bbe1f652e,positive
0eb1ab3558,negative
baf2ccb1cc,negative
259a4c12db,negative
b56c29ed7d,positive
f1f8d50eff,negative
f61ae5403a,negative
97fd42d38b,negative
72624c934f,negative
20967289f5,neutral
bd5f768159,positive
9b1060a30e,positive
704dfebd66,negative
1177c602c8,neutral
92866f7b8c,negative
13d0b4314e,negative
892b8a0cf8,negative
5d8102cab8,negative
3fcdacf90f,negative
17d1a66db4,negative
4d22612bb6,negative
3cd2b0d233,negative
da72cfc9cc,negative
fd57cd4c4e,negative
0a57a17968,negative
a9e176a76e,negative
41ff25c568,negative
064b2cc709,negative
00b7a60703,negative
6896f19343,positive
cce4a3ca50,negative
c9d4cf96af,negative
733ac52be6,negative
cf1a0bb3c2,negative
8b1ef2334e,negative
d31c27398f,negative
9f42f42b4f,positive
98cfd1162e,neutral
00c8cfed18,positive
bbe85e3495,negative
0cc4081476,negative
c45f5fb9e6,negative
7e5457bddf,negative
d138ab0b3a,neutral
6ade83d96d,positive
fbbeb51073,neutral
74b57c43cc,negative
f7638c4126,neutral
562c683a44,negative
1f403981ef,neutral
9358a6253c,negative
628bab2c42,negative
d934e438cc,negative
548b9da461,positive
e0f9a074cf,positive
5fb992345d,positive
590ede849e,positive
b78e0c4c19,positive
02073f1c62,negative
112da4faa0,positive
1d3c1b4821,positive
70d05bf740,negative
816bbfcd52,negative
40760ea4e8,negative
d6738c3768,negative
e0d893b360,positive
e344ef4cf6,negative
84f961fdb2,neutral
c002c2eddd,positive
7369cf2fc5,negative
543a06c64b,negative
1047b78606,negative
62dd5efb10,positive
4652d96d01,positive
1f9019bba5,positive
e8a7f5e1a3,negative
2f2721c6fe,negative
9c52e5ba66,negative
d72748e39c,negative
bb96cfef66,neutral
14c6d8edd1,positive
44c3407b4d,negative
6f15fcf64e,negative
5a4ebbbdba,negative
6ee991d0cd,positive
9932b9c033,negative
8ba9d3448f,negative
f6f7382036,negative
a93501213c,negative
703a5708f6,positive
683149f529,negative
9a00c7fd06,negative
9a1177c3fb,negative
226dcfa96d,negative
e4364d95c3,negative
b14b4d5209,negative
f04b0ca7f2,negative
44c7e944b9,positive
fb6110efb9,negative
61c907173c,negative
2334ad25e6,neutral
c2484278c9,negative
e39cb0ca13,positive
5f54c3d4cb,negative
62e1413e85,positive
d7b287d1e7,positive
67ff57361c,positive
762a44afb6,negative
1a38bc0602,negative
a0c3ef4a01,positive
de2a14a465,neutral
94488794d4,negative
12b631ca7b,negative
95dfefd4e7,negative
e637c11dca,negative
3775d15b1d,negative
7f62c60ffe,negative
a5abb95859,neutral
e32bcc9304,negative
f4e8990f70,negative
2f9f6f89cd,negative
a86d48a430,positive
1e2e4371a9,negative
dd3dbdf77e,positive
8d4c510735,negative
4ea8274298,negative
b521edea57,negative
a74b7578a5,negative
173738ce2a,negative
674bb5ca74,positive
6e424d5ccf,positive
d4305524e2,negative
e71ac19463,neutral
ab464f70e6,negative
d546f8c422,positive
bab26fdc24,negative
4f0c1d97c4,positive
24a7c7e988,negative
b7b0f4fb71,negative
6957e5f1bf,negative
ee87e14bee,negative
0f9b915617,negative
f3afed1887,positive
51d74124da,neutral
bcd831b113,negative
f39c65d9ef,negative
1a9933a4fe,negative
c4453ff2b8,negative
a3f0f32135,positive
f433396b44,negative
6388c670c6,negative
bc3032341b,neutral
b7c1a22a62,negative
ca66e5e4b6,positive
be16255b41,negative
8fa75341d4,positive
d147a9feb1,negative
afc17894d4,negative
03b569041c,negative
ea5c577cb7,negative
9891da8fff,neutral
5f42a2d026,negative
d3a576d221,negative
eea9145f1b,positive
49ec0f5742,positive
7b65e54ea9,negative
80832ca578,neutral
be226efbd2,negative
0b581d3f9f,negative
1973abbb06,negative
7c6b2e810a,negative
ab07a3fe36,positive
b8d1e767b2,negative
efba862a1b,neutral
d109999477,positive
cf64d19714,negative
cc153c2a35,negative
c5556624b0,negative
f46d274a8b,neutral
910a250227,negative
ab52225ed8,negative
f40d533a23,negative
c336250f8f,negative
f23c1c4255,negative
896289196c,neutral
02624773ca,neutral
31a107dbcf,negative
eabaf375f4,positive
51313cb3fd,negative
42ebd9099d,negative
6ac3031bc9,negative
666f836b32,neutral
6e41749ac7,negative
98f836e4b6,negative
88b6d952b6,negative
f6d56869b1,negative
58272bcdb4,neutral
5ded2a1364,negative
6612e42b28,negative
c10ae302bc,neutral
980578403b,positive
de0673a07d,negative
dc0f5bca14,negative
787df2fd0f,neutral
36f885a911,negative
acf54fad30,neutral
8b0054a807,negative
4bc7d627ad,negative
6bdd5e9d7e,negative
af706b4c58,negative
4987043fd4,negative
e7f2b44a1f,negative
cc53e85d21,negative
9508bfc99f,neutral
3ba9e80d1d,negative
300c739684,positive
e056f0a268,negative
a050668b78,negative
887e90ff88,negative
047abbd04e,negative
b6d5af9406,negative
fd34ad6207,negative
278c0dceeb,negative
b6f66e0621,positive
1853fae31c,negative
87c799a397,positive
4bc4d97503,negative
d11816c1c7,positive
0fe8023456,neutral
a9b19af9ee,negative
6d65d9dc54,negative
5f91766356,negative
62c9a90f1d,negative
2d5b920414,negative
b96b9ecc3c,negative
a0e8168015,negative
4f9ee6208c,positive
e5339e66dc,positive
7811012154,negative
2d361cdd4d,neutral
eeb047e369,negative
f7378bc34c,negative
d682402e60,positive
2983528f77,negative
4bb00e884a,negative
4e4e9c3802,negative
fc6128f4e5,negative
bed26c1d7f,neutral
b6262b919a,positive
61eae11e5e,neutral
536116702e,negative
1ee5496252,negative
baeb21b26f,negative
d8f4aefacc,negative
1f7717fc7a,negative
70932f6376,negative
eba3cee9be,negative
a5e47d75c0,positive
10b36df3e0,negative
c027e514d7,negative
3dbb8c1489,positive
b8c518e02d,neutral
eeff416e05,negative
a267dfc19a,negative
3d1d381278,negative
8d36ad290b,negative
bf6727bf27,negative
3864a39777,neutral
e84aa8b193,negative
defc8b34af,negative
4e43ad756c,negative
0f22984306,neutral
ee9eaed59b,negative
6dc625db0d,negative
671f6900a9,negative
0e0424c9bd,neutral
e6c2edcb0b,negative
9b210c4a6f,negative
4d461bba2e,negative
b733d36b6e,negative
68c674acdb,negative
6cadda7b98,positive
79a28b1ac7,negative
92d94fa045,positive
05a1b09ce9,negative
e6b01d5777,neutral
2c4b87059b,neutral
8c5e613c41,negative
6c31bc1182,positive
5f4e052208,neutral
8485d5828e,negative
3735770b07,positive
4c395ff61b,negative
cb673d84af,negative
4ad37ac5b7,neutral
929b5c888c,negative
fa959f2dd3,negative
78d89e7c64,negative
127ee02f19,negative
f6c69d962e,neutral
4a653d8227,positive
35eb97a484,negative
55441697a6,negative
49a1fc4061,positive
2e49927901,positive
f85c7e5ead,negative
6033018ee4,positive
0c35e093bd,positive
7069dd2486,negative
7a78bcf308,positive
894e948ead,negative
fa89412e2a,neutral
12b2075369,positive
0d77390e74,positive
8f3fc77f66,negative
df0f568747,negative
67a5d0a19c,positive
0435d42f80,positive
1e633e1874,positive
81950f02a4,positive
0b8b37ba52,negative
aeb0593edf,negative
e09f5b6b95,negative
f60dbc9737,positive
e0e9cb3902,positive
3ec9a1578c,negative
349251e2a4,negative
07c4438a0a,positive
441e2a5a82,positive
09140327f6,negative
2fadf73014,negative
ef5ba215b6,negative
440e8fc447,negative
7eb1620dec,neutral
bdc7de6846,negative
d2565af489,negative
4ed4f2fce6,negative
ecc58c9428,negative
915ce84b4b,negative
4d194d770c,negative
eed1736183,neutral
13ca815d01,positive
48a90031bd,negative
1c14b45cee,positive
242de9277c,negative
b287d39fb3,negative
986073590,negative
081ac56240,negative
095410237d,positive
3cf6817f75,positive
edd38781e4,negative
d664f99182,negative
e8ddfa3959,negative
502aa24ca7,negative
3861b033fb,negative
86a28f67e9,negative
83c92f835b,negative
8d138ab15b,negative
9e8665abc5,positive
d4623c0bd6,negative
75ca238abe,negative
ec8507eef4,positive
65c1831198,positive
dcb745bcf2,negative
cb1a68137c,positive
a4d578eeb1,positive
64cf7657b9,negative
650fcedd22,negative
0e0b4a2960,positive
106a999786,negative
6c18eab109,negative
d792349406,negative
dbdbe24969,positive
5a3c9bf459,neutral
f61861742c,positive
2a69a25949,negative
8d02587ab0,neutral
6940969fb4,negative
06aaa8e680,neutral
f4052e9331,negative
35f539ffa8,negative
736f2bd7b6,negative
35e15c616c,negative
4104064854,positive
d5c25dbc63,negative
34b7f333cb,negative
bdf9453e5e,positive
6c409292ce,negative
ee89b16825,negative
9f0147e874,negative
1962233e5d,negative
f2d120c26e,neutral
10c841e57b,negative
5aa568e0a4,negative
2c9aebcb01,negative
101a8b583a,negative
e01eb1cf88,negative
7017d6c8cf,negative
4793312f15,positive
ed539778c1,negative
198854f289,negative
d1aa96a414,neutral
92fe747a96,negative
2.08E+12,neutral
784fbab498,negative
a3dff88c1d,negative
1977ce206b,negative
21c6854561,negative
eb9b4d2431,positive
0b3b751482,positive
932af12853,positive
aacd4d0c3f,positive
ee35fcd036,negative
44daf50a02,positive
7623079330,positive
e64b0cc77d,negative
780ee451f1,negative
59ee5ff2f9,positive
001e4be1ab,positive
363460c8f4,negative
5be8565b8d,negative
ecaa478ef4,positive
acdbccaeeb,negative
fc28b797bb,negative
5a8f396cb2,positive
06a6314076,negative
82ea51ab18,negative
895cec1c48,neutral
8fb50df8d2,negative
37fa199c50,negative
121b9c13c2,negative
451880b8a6,negative
c08a90abbd,neutral
23dad0b69f,negative
470f2669c4,neutral
53aae02026,negative
ec946f285d,negative
0b25a31b7e,negative
d2a3207aae,negative
5dbb7ae2a3,negative
151779dfad,negative
c4393e4cba,positive
88051e4bea,negative
845495ffac,negative
241afcd4ec,neutral
eb85ce805d,neutral
a04227ef4e,negative
98c11bdba8,negative
11634e3bf7,positive
944cb46d62,positive
c9dfbf4275,negative
1c2a41d71e,negative
c5d1af4ed5,positive
8c582b0575,neutral
db331541b6,positive
82c72d7fd0,negative
ade8ce79b8,negative
80d96cab37,negative
2a054d9205,negative
2f8250d0df,positive
0c83190ad8,negative
7ebaf21cf7,negative
cabf8f9dea,negative
706a860942,positive
5de3c34293,neutral
327f378bd9,negative
9d187014d5,negative
e4f5ac16a7,neutral
7120ebfa1b,negative
1b64ea8f30,positive
954f523ded,positive
ed4b3d03eb,negative
87187923db,negative
bd13675621,negative
e389e41385,negative
88375a5f3e,negative
7257f9b2b0,negative
d80d99b28c,negative
f6d3caf9ed,negative
a00246028f,negative
57f432f582,positive
14193ff01c,negative
07a8205fee,negative
11e23ea0ed,negative
9198679ac1,negative
348804d270,negative
dd7a9fb210,negative
839095ea38,positive
fb10c20429,negative
f52e7e5a88,negative
db4a79059a,negative
9114d80bac,negative
7674cfa90a,neutral
7dc87b5fc5,negative
6328fd1b81,positive
0473875c4a,negative
3709c4e1be,positive
962ca0488f,neutral
846d43bc8f,neutral
aa6e04fee2,neutral
b84d47c65f,negative
646d1df036,negative
b00763f904,negative
da60c4db48,positive
ebecd8135f,negative
5b584d38ff,negative
eaf8a522e9,neutral
4e38efebc2,positive
3195d34e5b,negative
8d2be5bfc8,positive
6788d6c565,neutral
fd7434a0e9,negative
3e3496c6d4,positive
81defce8a3,negative
62ed3d6141,negative
1219ed4a21,negative
9c90694664,negative
c35b8dbb8a,negative
b39dbc6ee5,negative
3df0f721e1,positive
e9c8585ad1,positive
2c9d5de236,negative
f3912c1463,negative
fc5aa0f34f,positive
ce71d002ec,positive
dab7f56791,negative
4c1733246f,positive
cc1f8918df,negative
76f0861133,negative
074b2d89dd,positive
398d591255,neutral
f8d8ebaf8d,positive
a267c3e874,positive
c6e5884baa,negative
b1ddb9811e,negative
e30721df0d,neutral
ac4a84a76c,negative
959c593450,negative
f20074e0d0,negative
259b075523,negative
19365e33a0,negative
78b24a76c4,negative
00276ae6b1,negative
3592e3ebc9,negative
79c57e46eb,negative
54eba9eb73,negative
e17302312e,positive
360af83c85,negative
4331a46aba,negative
10502f22bf,negative
6d7cbd206f,positive
5be9ccda69,negative
0dc0eb905d,negative
a29a76a54c,positive
63491134ab,negative
4fb2131d08,negative
2cec07986b,neutral
5e84445c6a,positive
fd5eece5b2,negative
7b88197891,negative
3ba8596881,negative
ee6febbfb4,negative
fff97388cf,negative
e54c45018b,positive
2a2c1635c8,negative
ca929837eb,negative
046af350ac,neutral
19f108c62c,negative
7a897c9999,neutral
1aba7766ca,positive
575e4a89fe,negative
7e8212f5f2,negative
8800a2d912,negative
e05fd863d4,neutral
09a5b9b958,negative
32b129dc3f,positive
b4031d0753,negative
e7a0f7ac99,negative
a9da40eedd,negative
3c9419868b,negative
0d45e4e926,negative
b667160840,negative
587cf8a61e,negative
89ac21e1f6,negative
6769efef8a,positive
b1f6fb88d4,negative
34a862a739,positive
5da03690bc,positive
bc7b967aea,negative
9be622ea54,negative
faee4563bd,negative
02baa25e55,negative
e162b84433,negative
156816e845,positive
c13b15d9d1,negative
204d6510c6,negative
fbd510ea84,negative
2793cbbfab,positive
490734b764,positive
b106a248a9,negative
9f9a4e2bb2,negative
6e2c555beb,negative
838c1184b4,neutral
b04dcbb3be,negative
71c6b00c21,positive
81de3c6143,positive
bfb0644d9e,neutral
f02bdad05e,negative
f57f3b6265,positive
16a66e0b8c,negative
84c5b0a3f6,positive
83e576fd29,negative
9946895c91,negative
49ec855925,negative
ee51d32074,positive
ab5b510355,neutral
d64eec0d6c,neutral
75b30e5358,neutral
514b972ba8,negative
bd90c840ea,negative
3ee7e1cbb0,neutral
e5599343e7,negative
0b20eef5b1,neutral
790af846a5,negative
f6e3a6dd55,neutral
abc1500c46,negative
9d6fc9c77a,negative
73e548424b,negative
316d5aeaf6,neutral
7907132523,negative
43ee9d3c82,negative
a584ebd602,negative
3d4b0a81a6,negative
b303da170c,negative
9f7da3aa4a,positive
e22beff480,negative
a6a3368db8,negative
389fc0d397,positive
1bed6bec2a,positive
1ca1423c00,negative
778c5660f8,positive
9dfd003f1e,negative
f61d7dbd8b,positive
f5d5f1fd33,negative
6be041409c,positive
4c79259b5e,negative
9cd32dbec4,positive
675ce92149,negative
1d84094014,negative
dc9685bc8a,negative
b7e17b2bde,negative
903cce2dcd,positive
1c1077af54,negative
c625cee17b,negative
6c82821920,negative
ced1083324,negative
1d428212cb,negative
a4ee41dc64,positive
12da846f8e,negative
4f1a7d1d2c,negative
d901264a08,negative
61ce1c40e5,positive
8dd7e34100,negative
6475c6d26d,positive
b681aef9aa,positive
5423cf0811,negative
ace8edef1d,negative
8b3811c819,negative
e9174e5bb2,negative
0b6444627a,negative
960ade8bfd,positive
a8bf8239bd,negative
33680fc87e,positive
e0264b2a5f,negative
25ce655a84,negative
25f1991c36,negative
84fcf21a64,negative
7de5a7e4cc,negative
389a3e653c,negative
4c0329867c,neutral
20a5175d49,positive
2785576a5b,negative
b7299d0e70,negative
e035aa9fe3,positive
5eb31e181d,negative
1281b062a4,negative
54aa9ae3a8,negative
1d18c624f2,negative
9fbf0d59cc,negative
f2a92aa5ff,positive
0d737380e2,negative
592b350f6f,negative
4363c63d9c,negative
533a5604dc,positive
437f792822,negative
de168e6328,positive
d60072b03a,negative
8986091fd3,negative
3b743ded7e,negative
79e7a9ed8e,negative
dabac40552,negative
b0cae38eb0,positive
96e77388b8,negative
3e9ba7f25b,negative
4fb0995de8,neutral
e711c03c57,negative
52576ae085,neutral
2b049dbcb1,negative
adc5ea18b3,positive
5c9645561c,negative
ef329bc827,negative
841a5cfcdf,positive
52eaf44b44,positive
895de1648c,negative
9e972c1093,positive
ebf2a10961,negative
bd74c21c43,negative
a6aeb0b520,positive
24afdc75e3,negative
0d4d5b49b2,negative
78819d2e53,negative
91c44d5912,negative
11aa4945ff,negative
495299c926,negative
7f3b118605,neutral
3da6270b02,neutral
9a2689017d,positive
5eea04087b,negative
7058fc87de,negative
95189cd3a8,neutral
40ae4f1f0c,positive
d24c474353,negative
b13981be78,negative
44b0b41b62,negative
a2c8b8dad7,negative
4d818fe6e0,negative
b8d9a368ae,negative
0010bcc0e2,negative
58c5bad2d3,negative
7407e1cf5a,negative
0e3d0b5ab5,negative
c0e5365bf0,negative
0be9ed25f8,negative
04095b70bd,negative
64b8d96644,negative
68bf3f1fec,negative
8e3b60deaa,negative
341ed728c7,negative
f585c22106,negative
888b3fdf3e,positive
540f0477e3,negative
79852f9590,neutral
32b2c8b924,negative
94e0366b6d,negative
094681e31c,negative
6641548d60,negative
b05be3118d,negative
291b817092,neutral
f837a046a9,negative
a567459a1a,negative
4cc3d3824c,positive
e959cf04e4,neutral
271bb5e6b7,positive
c8b610923d,negative
27d0c01bc2,negative
b86d2cca27,negative
9c11756ef3,negative
7bad0b9772,negative
c6881ba0e1,neutral
81622f137d,positive
82cdd851b7,negative
911bd25026,negative
a64b23f5e4,negative
30e7967de4,positive
f45a9649fb,negative
da5c3fa1ef,negative
22e5e3cad2,neutral
3ba549158f,negative
a975e49753,negative
c3541b6a2f,negative
40e1ca4ab0,negative
08d8063529,positive
36aabd3627,negative
8f851c59f6,neutral
a351659f85,negative
33ae501ac5,negative
3775f77081,negative
cff0e3e256,negative
0ac7e72578,negative
b854daaaf8,positive
85117f3ab3,negative
daa651cfd4,negative
85de235e0e,positive
a8e51d1a43,negative
28825fc1f9,positive
0796ce6ac4,negative
416726e6d2,negative
0e4bcb3a52,negative
dd77d3f5cd,negative
bf46ac3c7f,negative
3742419885,negative
a203734990,neutral
2b70bcd0ad,negative
50dd008fb5,negative
c501544be4,negative
5b5be601c2,negative
ddb4330613,negative
cc0ad12b7c,negative
4aac092937,positive
a1ae4e2000,neutral
8b37012287,negative
856bb40ae0,negative
cad8db609a,negative
93a199b78f,negative
dd49f1179d,negative
5f455a3147,negative
1d5d10eedf,positive
16357f7283,negative
5657eb8429,negative
65c7eae9b6,positive
ebb86c4db5,negative
5bf798868a,negative
756d255e40,negative
4d21d7611c,positive
131bc4a304,negative
0a2c386597,negative
71617c28b6,negative
656e4dfa55,negative
fb08563a7b,negative
5c04a86c88,negative
94c3127153,neutral
226c11669d,neutral
79e554fd60,positive
582e5d7420,positive
f18ed21359,negative
206aba0edd,negative
1f2445122f,negative
ee100f96c1,positive
e939fe583c,negative
a1f42c0c89,negative
2cebd75ed4,negative
5921dbcbf3,neutral
e1db1eab6e,neutral
982b1c05d3,positive
afd2159e57,neutral
533d941f5f,negative
38c4f74767,negative
f50fcc36b5,positive
676b733c57,negative
1aa65233b0,positive
f422f53b7f,negative
04887b5405,neutral
f7f3dc7102,positive
081a4e8b31,negative
1f45286504,negative
6ed0958471,positive
2132f07ca3,negative
6db884e1a8,negative
9fb3633760,negative
5181eb11e4,negative
13cad32c3f,negative
41a86a9b67,negative
0b2ccf0b7e,negative
6f91801792,negative
d8f089b479,negative
ded636e263,neutral
52d7fcfd39,negative
5acf4885d4,positive
dfe5909132,positive
59d4b58ebd,positive
b5cbb35228,negative
ad1524a0c7,negative
0382b0a358,negative
fe9c9f7f2f,negative
7a4f2f28ba,neutral
4b3a5b41b6,negative
b6cd695d48,negative
cd60606781,positive
32e183bbad,positive
15e5ad39f3,negative
bfca4ba8ce,negative
062ffc4f0d,negative
5bdecb0d75,negative
1b59763e81,negative
a17703215b,positive
a240940b31,negative
6c256de604,neutral
5955233380,positive
51be0f0a7c,negative
11946e367a,negative
5d9e44e6aa,negative
a37538b291,negative
c9a52dee1f,negative
1dda981140,negative
35aa02c551,negative
dbeef30a84,negative
67381561f6,negative
3911f274d6,neutral
ed84aa3983,negative
822cf03d0d,positive
670ce5e88e,negative
10022832ae,negative
7f8240f623,negative
f1776ec89e,negative
2ea6cb3bd3,negative
877130d7e5,positive
1937abbaac,negative
0a36e72ac2,negative
e4fa21bd2f,positive
cfd68d702e,positive
b5da09a0f6,negative
53a531c7b4,negative
32739ec46e,neutral
054d16c70d,negative
b1195a418c,negative
2d782345bc,positive
b8b975d265,negative
4b1e5d7c3a,negative
5898290010,negative
39f74c5153,positive
3949bb2591,negative
ced0bb0d25,negative
5428d6a1dd,neutral
3f09fa2af2,negative
cee062574a,negative
166332e48a,negative
8f25eabe4a,neutral
3c41934098,negative
9c1e71d5e9,positive
1cebd63a24,negative
8e48929733,negative
6545e365a0,negative
b221ecd789,negative
c28bdcf8dc,negative
43ee369d34,positive
9093f4a84f,neutral
b432c9fadc,negative
87b8d7449f,positive
36589d3c2d,negative
5055018a65,neutral
28013de754,negative
df82999f38,negative
ccd4caa001,positive
e10587e6de,negative
d41721b745,negative
fc5de3287d,negative
96ed7455c3,negative
1cf039efa9,negative
ecfcc8230f,negative
3b5d1cc375,negative
5dfc83d141,negative
7a7f7181c7,negative
38d2b216c7,negative
5f58dc8b36,negative
b8332c63c9,negative
da62e66fac,negative
d3ac1634fc,negative
ae5b8cf7aa,positive
2fe4f05a35,neutral
aee0796720,negative
5b6212874a,positive
49d708c7b8,negative
360583f897,positive
123704488c,positive
3d22669847,positive
a47a7599e3,positive
cbb9d08353,positive
43cf42df19,positive
82319bb9ef,positive
0f7696a955,negative
5213af0cf4,negative
c400b1fb2f,negative
225e7973da,negative
9a9fa3f033,negative
4bf04f6e67,neutral
989ba2d8e7,negative
cb4adb2254,negative
e4ecd62689,negative
adb0fc398e,neutral
46ffb6bd0e,negative
20bf68a459,negative
e0f831f552,negative
968910f054,negative
5cc015ed85,negative
380c3d243a,negative
489b7fc86b,negative
05198b8107,neutral
3c4cd5a819,neutral
d276268ebf,neutral
78e07d2075,positive
e7a714bd8a,negative
9c8ad0b932,negative
f765bed159,negative
3e661b33eb,negative
17029c297a,negative
565e68ade9,positive
d4753cae10,negative
601a57c65a,negative
17bddf4bf3,negative
127260366f,negative
42a95b10b3,negative
9630a8a60e,negative
02b6664fc0,positive
74e71ffd48,neutral
2bb3411362,negative
172b9d5155,negative
a3893b1fce,negative
6bdaadbc09,negative
949020a350,negative
d8d52d2cb2,positive
63a1fa4db7,negative
8362ba6ae2,negative
89d0e4972c,negative
ac4f58fce3,negative
e8641ec31d,negative
a56416d946,negative
efbd798924,positive
eff365b5b5,negative
53e1fc3b18,negative
e52e2ecfc5,negative
49c713c76d,negative
855545a974,positive
e96601d516,negative
dd3d4c2edd,positive
cb7163bb37,negative
788e29ae5c,negative
eaa096c532,negative
f602450df1,negative
63983dd792,positive
1981e74a66,negative
876bfcc38c,positive
a8d61ff137,negative
a375a16694,negative
f420223044,negative
75b9768faf,neutral
4c973ec65f,negative
f554f3fa53,negative
ae12877dcb,negative
101bf94294,positive
a1b12787c2,neutral
8645287c66,positive
c8384a0df6,negative
60fbd17c2f,negative
51600bf195,positive
94f0a2521c,negative
1c5ca67cf9,neutral
07b995a175,negative
5664973d05,negative
b1caa80c14,positive
5afa60036c,negative
c0aee462ca,negative
d4834cfc49,negative
ab6d4ad2fa,negative
54717dab38,negative
80db97bacc,negative
47617218fe,positive
656a58ba47,negative
03d9dd414b,negative
4f2bf0e4b8,negative
de20a4f9ba,negative
ceab14b717,negative
c2645bfd2f,positive
9f2322eb66,negative
19693f5997,neutral
d1732ef2a9,negative
fcb934b1ea,negative
acdd6596e6,negative
f4c5160e40,negative
0e3f632892,negative
0b8cd8a6a8,neutral
29d1f7e4f6,negative
264871e342,positive
e4bb03893d,negative
cab95c99b8,negative
d847cf8346,positive
babe7f5404,negative
63f47fb1e1,negative
bc9097ade0,negative
34ea29707a,negative
cd00966e36,negative
40d5393a6e,neutral
3db940a3d7,positive
9a2c6ae21c,neutral
fe584461ef,negative
f7c49f422f,neutral
95dbb10a09,positive
68e1b374ac,positive
bc3d152a07,negative
77de10258b,negative
7ea7deb09d,neutral
4805e663c0,neutral
85859d775f,positive
f61a3d6393,negative
89a5639a24,neutral
454c890bb5,negative
20eeee52df,negative
e14bd46ac9,negative
36c1a56493,negative
88ea8d1421,neutral
5e80e58699,negative
1caf64ff52,neutral
70fba04997,negative
570c1a92c9,positive
07dbf16cf0,negative
dd069f5bbf,negative
414734257e,negative
93c0d86282,positive
2b2f63eb2c,negative
d8c30b8a27,negative
1efbccc936,negative
8a768f4305,positive
b9b4e92118,negative
67447c7a51,negative
a0450b3745,positive
d3c0cd9fba,negative
70db92882c,positive
54919bf6ea,negative
2ae6fffca5,negative
0a34728a30,negative
cfa90fa221,negative
ba59e4ea3d,negative
1115490075,negative
c4df4b1e33,negative
1dbae05df7,negative
04d19a025b,negative
df566d4c87,positive
25722484f8,positive
94f554867c,positive
7f5c419a7e,negative
e3a8728252,positive
333f3d42e2,positive
4e643cc041,negative
55bfdcf9bf,positive
564d996422,positive
3a07e1cf57,negative
29a6fac317,negative
4c2cb5387a,negative
d0a4b8bc09,negative
484373037f,positive
b37fa20e4e,negative
6dc1aa9db8,positive
ba7df25a0e,positive
4178eae6e8,negative
d50b0a5b94,negative
f99a3c423d,negative
5fa63f624b,negative
5b1260de70,negative
3b26122664,negative
b1da216450,neutral
e818eb3851,positive
3c58b704f2,negative
0fb19285b2,negative
b8e35a07a2,negative
df8b63c379,negative
f9752f3768,negative
d760e45546,positive
914ab55259,negative
42590d5199,negative
aa4724b924,negative
5683fb4e31,negative
d73e917df5,negative
b3d1523864,negative
3555ac7c01,positive
118e2d6168,negative
a17c16036b,neutral
96f3650135,negative
d528912ba9,negative
b3920a7615,negative
226df3194c,negative
7ae1f564ce,neutral
f1f5baec38,negative
d05b0f464a,negative
bbbe1a1a9b,neutral
31b002108e,negative
8af4011f58,negative
55210b6e39,negative
aeb56209ce,positive
5026e37179,negative
6d6e5c1d96,negative
bf580a287e,negative
31d102fb4c,positive
4d3c23d2e9,positive
3eacf08209,negative
b659d14173,negative
e78f6d920b,negative
6d6e1944dc,negative
1c25a69c6c,positive
4862263051,negative
97fb7ec718,negative
18fbdd718b,neutral
c7f60af36c,negative
c467f58715,negative
c8a1dc1f03,negative
6e059414a2,negative
e337f23744,negative
70fa6e0152,positive
096ed753e9,negative
46cd71439a,negative
66dfc52d42,negative
6647959804,positive
0754d96b4a,negative
12ceb7565a,negative
ace00f13fb,positive
15e2731c37,negative
8628349c27,neutral
99e466c1e2,positive
1e4e4b607e,negative
54698d6dd1,negative
b3cf47c9c0,negative
bd213e5f40,negative
c964730131,negative
052fbbb0a9,negative
39e873ffd4,negative
e2c48f0201,negative
19cc63aca3,negative
5d713d947f,negative
f180c62405,negative
808aaa8dc6,positive
2f43347970,negative
632ea65f37,negative
79f4e2fe31,negative
3cf7d3cbea,negative
20a2a8c3c8,neutral
5875847743,negative
15db00c707,negative
904af41287,neutral
88fad37761,negative
b2dc9aa460,negative
4c2003055a,positive
e2eaec80b9,negative
e96ef28e55,negative
1eabe43846,negative
c83acf7a6f,negative
ef2f959764,negative
32ad62e131,neutral
da15c4b003,negative
670244dc63,negative
38b6b897f4,neutral
be346f0d98,negative
be8e327d50,positive
0c37fc95e3,negative
00688f0441,negative
1ee78ef6e6,positive
98434ae90d,negative
ee55b5844d,negative
520e9b5484,negative
41e9e0fc5d,negative
934ac753a2,negative
b943a19a88,negative
efac7aecb8,negative
318bade93d,positive
ecc56a776a,negative
3c048c6a14,negative
0d63dff2e5,negative
1fc3517acb,negative
4ef9dfdd0a,negative
fc0d5427f8,negative
9f69f15ca6,negative
2d6ecef1de,negative
6334ad4725,negative
fe9b205b30,negative
3266de0475,neutral
ca1d744985,negative
81ef3d303f,negative
1f163ffa8a,neutral
896669ae51,negative
f8393c572a,negative
87bfbb125b,negative
1738ee7f17,positive
41e53f9cb9,negative
d948eb5d1e,positive
c9c0e975c0,negative
f3e83b7d22,negative
60b050c72a,negative
7037789f98,negative
1c66900f85,negative
02aa2d95ca,negative
69728f3226,negative
3563567f97,neutral
e19f77eaf8,negative
c3e4e319b8,negative
d2be8d7fd4,negative
e57eafee65,negative
a42e148220,positive
f5e5205d2e,negative
96a8112f12,positive
b9cb67bd1c,negative
18219a326d,negative
306795507a,negative
4e05652b8c,negative
d24bdd2844,positive
1b4612b286,negative
ac75f9e59f,negative
7a5e6a6349,negative
bd115d950b,negative
a875ccc879,neutral
70d2e5add2,negative
943b1558e1,negative
252a0078c7,neutral
f245456ba5,negative
e9c03baff9,negative
5865232bd7,negative
a16f652927,negative
acf7eddf2b,positive
da39cbf3e8,positive
3d054d1072,positive
e4891b511b,positive
da37487780,negative
be78fe3df4,negative
a30a9b4003,negative
ad0dd05c20,positive
f347bda133,neutral
861f5b2008,negative
27e3a4acfe,positive
8628c6df3d,negative
fd871c70ad,negative
f525424cfe,negative
f3afc03b4c,negative
103c6425c9,negative
6fbd9f3ae7,negative
ca8ae20678,positive
cb349ee334,neutral
e5d88bca69,negative
63d6ff064f,negative
df9709f719,negative
0828b1848f,negative
3f6bf57365,negative
e1b0bb3509,negative
2d8d4624f2,negative
84ba2c6195,negative
eff38f3689,neutral
fc2a587094,positive
3e5c571a1a,positive
cc7e3d0e3f,neutral
3ed3cffe21,positive
d31f0597f5,negative
47a47bd1a0,negative
bf9189459f,negative
199d624a97,positive
c23bf94285,negative
a3cd0a7228,positive
4219979931,negative
ab925cac3e,negative
e2bf49618d,negative
d6dcf8c5ef,negative
d4aa6a714a,positive
dc78ad00d3,negative
0a49d88d14,negative
ca75f7e584,neutral
d18a55e49e,positive
620741fc16,positive
3289389558,negative
1496a45408,neutral
a4b7cca240,negative
f321d7a256,negative
e1dbabfca3,neutral
f4855a1986,negative
92b95ebfbf,neutral
f8d2395684,positive
a4468f0e74,neutral
850681c6b2,negative
6999d42bd9,negative
07a3ac5a80,neutral
7f4a82153d,positive
84548ab6e2,negative
9c65f93a2b,positive
448c887bd1,negative
e19ed00091,negative
b59a892581,negative
be6d61ef42,negative
6b6ff812c1,positive
f02147d638,negative
a85e779682,positive
52e7b6c3d1,positive
8247622f9b,negative
df320b92cd,negative
5fb30f858b,negative
238f8d875e,negative
02883c7ab1,negative
3593dbe193,negative
9b186b77f1,negative
d9bc353713,negative
f4032fd33c,negative
93b34b1964,negative
aa2c27ea07,positive
2e56c6a83e,neutral
2e94c6bf84,positive
a1b435d7b2,positive
c5628b1962,positive
0aec5ff9a0,negative
09910a212e,negative
e5b36bbce3,positive
d8ea663169,neutral
5773cb0640,positive
8c5d6357cf,negative
d01966504b,positive
02ea3e88bb,negative
1e52917c17,negative
4d5a01ceea,positive
656119dd86,neutral
f68a3ece4b,negative
22d22bda0a,negative
f2a3b9d7f4,negative
bc3c21ca4e,negative
b9285b80a9,negative
47e8896447,negative
c2828fbc35,positive
a4ab64c15c,negative
da4a26cd96,positive
3b388efbe6,negative
449d73bf4f,neutral
c63415814e,negative
c818fdf4b8,negative
da76e6c8e1,neutral
b9798fcba9,positive
b40a435ea7,negative
d6606e8167,positive
d9564b50ef,positive
0d769aca27,negative
23a614d341,negative
c4a00650cd,negative
5aa8c0daad,negative
adf5be9ada,negative
343c2dd395,positive
e64a4d5361,negative
facd1f468e,neutral
11a3a0fb9d,positive
61fde0e7e6,negative
769c8775bf,negative
24747934b4,negative
d79f6eda9d,negative
e8bbfed756,negative
413eef8c27,negative
90fddcbca5,negative
33745d82ff,neutral
59b63d3b0f,neutral
032fc2b3a2,neutral
739f17cfe1,negative
4db44fd32a,neutral
06ed7a838d,negative
fb7e52a340,negative
7574ef7536,negative
e2d8e05859,negative
6ff99dcdc1,negative
6e0abe59f9,negative
ec1dd094c2,positive
6471ce79df,negative
7ae4f41a31,negative
44da94a9b7,negative
a3dc4cf37a,positive
b2309cd1ce,negative
34e4bf2b94,negative
6fe5a83801,negative
f87b8847a9,negative
948fd09708,negative
8244eb7ae9,positive
f446d26bfc,negative
da3dd37b70,positive
a7a5cb1584,neutral
16fd300910,negative
6a818203a8,negative
3102d159d1,negative
0eb06a4076,neutral
4454e4d53a,negative
2b18f3c81f,negative
e8e5d28fb4,negative
c3feee17fd,negative
eadd269ce5,neutral
fd5ee5b52e,negative
b454c1364b,negative
77e57c378f,negative
e24b1487e4,negative
41bb347c8c,negative
d7f63d1bb6,negative
13ff4f0f99,negative
34533b5903,positive
63c7425486,negative
44c1c813a1,positive
8e34972820,negative
bb8443d7e2,negative
cadb7e8823,negative
65019c18cb,positive
126e2e83d6,negative
42d4d17693,negative
8837fac289,negative
1fb1670192,negative
669c709c0b,negative
c7e52408c8,negative
f6f96dd249,neutral
f8456f260f,negative
51ddb4abcf,positive
15a017a8e4,neutral
089f2af7b9,negative
28bd0fcd11,negative
f79609f1b3,neutral
8e7d2d0ea4,negative
b847eb1075,positive
f923746a3f,negative
80279a9e74,negative
5d3d18f13b,neutral
6debbd53ee,positive
f2906f0420,negative
a7f12fa546,positive
a72c5d15b7,neutral
bd4c861cc2,positive
5ec14d968a,neutral
ca2896a372,negative
416e6352b9,negative
2987cae592,negative
692cd6a34b,negative
7067e6046d,positive
c4210150ee,neutral
bd095b4751,negative
3dd127f4af,positive
8bdaf388f3,negative
9ddcd3f037,negative
0457eb75c2,neutral
598d35cd58,negative
472fc56661,neutral
d46052706c,negative
6a784b0c72,negative
16466d0ff2,positive
68a6cf591a,neutral
04c455e820,negative
eae7117612,positive
548e2f1e34,negative
32a34847dc,negative
4ed24c845a,negative
fc73012712,neutral
fa8998df98,neutral
e540ebed83,positive
e2591a4f5a,negative
ba443581ae,negative
1e7bb0e6dc,negative
3629287285,neutral
f4eae403c0,negative
8d86885941,neutral
2f6e1bc40b,positive
62bb51eb64,negative
3f8fc09752,negative
e62ebf8ec0,positive
9662de1204,negative
44bf854f69,negative
0b583242d0,negative
b8846d0a50,negative
898b9a9338,positive
cb5041f872,negative
144e6fb3ad,negative
43288822ee,neutral
9a6c971e84,positive
a9edef474b,negative
09a2245f93,negative
3a42bc3485,positive
3c343d4e1e,positive
b7259fcba2,positive
d2443706bf,negative
842e9e031b,negative
8dc2975248,negative
a838619ca9,positive
7ae1499198,negative
6c5002df01,negative
2c0f4ee9e2,negative
c8cfe01c4f,negative
e6f7199479,positive
b9b983a83c,positive
08ad89c6b0,negative
edde6bb21e,positive
fb1c0ecec0,negative
e01f6a7ec2,positive
6068de7168,negative
5adce8e8fc,neutral
ed3f95dd2a,positive
c7e96d2411,negative
5e6cdd7c91,negative
2ee99fc907,negative
52c2bbf770,negative
311f189ee4,negative
fa3d1d0975,positive
7005fce01c,negative
0a4594beed,neutral
667e216a44,positive
cddefa4364,negative
5612d59230,negative
0690c4b873,negative
f589c8b60d,negative
79331f42cf,negative
1038091281,neutral
653f3adcde,positive
5a17107aba,neutral
8dd4c2b501,negative
bf4c610e53,positive
b1a2c1b94c,neutral
a624cc6757,negative
7c5b5c6f96,positive
397ef3478d,negative
917e217975,negative
a657e300d0,negative
1872e32e07,negative
c5698ba3eb,positive
6cd9991cca,positive
2bb759d569,negative
926f9f5895,positive
b4ea682d4b,negative
c2fe8bbad7,neutral
0d7f89029b,negative
a0e7618e7a,positive
12d70a758e,negative
d86941ec1c,neutral
9de7ee1962,negative
4cb6f71974,negative
10db37e108,positive
881affa1a2,positive
82582f6d17,negative
10b9feacd2,negative
9f89432794,negative
684b2dcea7,negative
2f8444db6c,negative
8e8ff8dc66,positive
27bf96d1b5,positive
21af13b50e,negative
daaff3f5f6,neutral
836dd77850,negative
0197e3ebbc,negative
796110430b,negative
3f09c16e52,negative
8f892ed3b2,negative
a8e2c45625,negative
6030362588,negative
323e67716f,negative
cda2c56cef,negative
7cb093f4c3,negative
a9b6058320,negative
197bec62c7,negative
5db58f4182,negative
bbf1006316,negative
3eedba9550,negative
b9b532f7a2,negative
3a23f53b85,negative
736f85408d,negative
2bffd86b55,negative
b4d1c8c080,negative
c5ee1ee772,positive
138fa4e0f4,positive
4bcb9c582c,negative
756300c03d,positive
e3ba5e82d3,negative
700c41e7c0,positive
f19f0c1482,negative
f637b48a5c,negative
6fa5a04599,negative
d54d4de7e5,negative
71f389a974,negative
7b05d819ee,negative
1e32ad1b17,negative
e89cbe91e0,negative
b22895c538,negative
8353cc778e,negative
10e991f020,neutral
128a73fbfd,negative
a3c5d75bbb,negative
2b8fcaed04,negative
37daa255ea,positive
9508aeca0c,negative
5d47d76ed3,negative
a0840086ab,neutral
9f23e5d8f5,negative
c7a59f50c3,negative
7ff53f335c,negative
e96c25a560,negative
56c08b2df6,neutral
d08af78eef,negative
fdd3a09897,negative
aef284756a,positive
84a2eb963a,positive
df2a0c498a,positive
8230f9ad74,negative
ea7e409dcc,positive
cf1ea9af3b,negative
b29a9ec749,negative
9d6e14002f,neutral
051025ff7f,neutral
30eecabd12,negative
fe51ca37d4,negative
75dcba6339,negative
74676aaaed,negative
cec0440736,negative
c4f4b37c8b,negative
65f5ce236f,negative
66f40f0026,negative
e38fab54b2,negative
d67edb73e6,negative
0c0d180b5c,positive
e739d7e64e,negative
2e982cc27d,negative
3ed1480471,negative
3e99500fa4,neutral
00ce730001,neutral
ea57382c80,negative
0972b54c53,positive
3b8b4be00b,negative
755a345dc8,positive
88a4e96eef,negative
d881666768,negative
998b50607e,negative
a185f0cc24,negative
6cee199f3e,negative
34522a55d8,negative
dc513a682c,negative
cc75fbff94,negative
fdd859e2d9,negative
e0c0860417,negative
f0854a3951,negative
356411fd5a,negative
c780b84d97,negative
3e7c1d3c6b,positive
e79ca3a450,negative
5609c1212e,negative
8c8e32f76f,positive
dda6145689,negative
f03669fe8c,positive
7fb2ca19e9,neutral
25ea895560,negative
2b6ec32c28,neutral
894a3f680a,negative
c258bebc27,negative
e53f3fb1a4,negative
9cf0c77bc1,positive
9e07e4f596,negative
bb14e1f4cb,negative
8f65a41e73,negative
c29116d111,positive
efb43fce11,negative
7053623c26,negative
72ee8deee3,negative
6ffc960726,negative
586e68c59d,negative
04b57c4359,negative
e33459f8f1,neutral
43c61eb7a3,negative
a7a96b2c1d,negative
87cd836d7b,negative
a72f4f357b,negative
ad5d8a84c1,positive
18a11e8dbd,positive
2e8bd923d0,negative
ebae3ed394,negative
10c55c13b8,negative
b26843421f,negative
f3c6e98737,positive
b9ade6591a,neutral
3ae98f1cae,negative
3477bb4c82,negative
193fe8822f,negative
b631ec4bfa,neutral
6913d9c30e,negative
07d608a03d,positive
d0ce0ab587,negative
425c9eb614,negative
43790fc27b,negative
727cbe5970,negative
7d0291358f,positive
9dec21d822,positive
3d90ad58ee,negative
12b08fabd2,positive
f97b6d38ed,negative
93370a10dc,negative
3ff2b333c3,positive
ec9c43fbb3,negative
99fdaff40d,negative
0c524f5e69,negative
1783b5eb60,neutral
932227184c,neutral
00f377c634,negative
b99ba239de,positive
1f9663bb46,neutral
23d8ccab77,positive
f59bbec4a3,negative
a37b6c27a2,negative
1d06a9cc02,positive
e124c79abd,positive
5a5d7e4d2f,negative
bd3b5dbd9a,positive
12e0187cb9,positive
ea032bbaaf,negative
e42d0e6e9d,negative
946573f031,negative
2d5051cce9,negative
16fb14a0f7,negative
8b5e410207,negative
eaeee872b9,neutral
e8d8465eab,negative
1a857a38fb,positive
25694a4e38,negative
a4b3b95e89,negative
2e57d38abb,negative
d6b053947f,negative
7db93d25c6,positive
94977637ab,negative
a028e284db,neutral
513358abe6,positive
d2dbf84fe0,negative
9d8efb8db9,negative
88040d7737,negative
db4bb26337,positive
9e2748c5e4,negative
060acf7042,negative
5ad2c5e27b,negative
6a5af5f4c5,negative
6fe391edf6,positive
74e36c1c25,positive
2dfbe0b7fb,negative
fbd7404138,negative
a26a75179f,negative
6a72b1eb3c,negative
981a6f186d,negative
d794425886,neutral
2280788f99,negative
16ac3c903c,negative
007eeb40ff,positive
8f44c2f7bd,negative
da82d37656,negative
970d89d516,negative
13d29e0bab,negative
afe5ce5d7d,negative
979153b838,negative
b34f37f31d,negative
036b210d6b,negative
5bfc1c74e0,negative
c1388fc963,negative
fd1db57dc0,positive
e7d70b0d76,negative
f3f0fde02e,negative
bb47fa7074,negative
8882fae1ac,positive
c7b61da1e2,positive
ab881218a0,positive
e2b73ce8df,negative
665dcd4cf2,positive
0b4a2b2eb1,negative
0e72caa348,negative
2c39030bc4,positive
47caebc343,positive
2dd1bb7561,positive
109516d45f,positive
2c4545ae23,neutral
8ef3dee547,negative
1944d83437,negative
967e1b9ad9,negative
e4ef55358a,negative
da276b88e8,positive
c6c2478e74,negative
9e29d43b20,negative
1012d3a39c,negative
e37a7b9128,negative
e206dff6da,neutral
9ffc800a5c,negative
e9e0de67a2,negative
5ebdc7d817,neutral
1d5318a66f,neutral
35182b1866,negative
5caa73746c,negative
c3384d4c6b,negative
95305a8336,negative
b7df44c04f,negative
94ba09618a,negative
dec8c3dac3,positive
1ef4bca3f5,neutral
95b7fa6314,positive
9eb21f1e58,negative
49e25011f6,negative
0a6580a2ca,negative
49096c54e2,positive
1746f40680,positive
13fccb0fb5,negative
97dbf6e8e1,negative
b7f1a0cd1a,negative
689c6b69c9,negative
a08d95184f,negative
d36296a726,negative
e976f2769d,negative
1297b5f02d,negative
d205b332e6,negative
bb0316a749,neutral
addf08efba,negative
0c53b2d4c0,positive
bacb2d1061,negative
864cddfae8,negative
0a92e46208,negative
85ef239798,negative
7276d2cde2,positive
d53ddd0172,negative
064a8c4847,positive
edef02e047,negative
695f322a0a,negative
a35314257a,negative
2641ac37a6,negative
7a1556637a,positive
08c5eb64a5,negative
6397544955,negative
afc326749d,negative
79f88c9c67,negative
db828c7bda,negative
08d12b46b2,negative
b9078fdb88,positive
6434edb2a5,negative
93c709ddbb,negative
261ead9c14,positive
4bd68426ce,negative
6ff929e04b,negative
d26c5024c9,positive
ae45bdeb6d,negative
2d0cd25243,negative
01fdd344f2,negative
f1e14aaf4e,negative
cbd87d2326,negative
dac8af239c,negative
213f65851d,negative
41c5bce464,neutral
669a4ee511,positive
d8999ff49b,negative
eb96d21b64,positive
8e2432e61d,positive
6d68218d8b,negative
a00d6e8a18,negative
68238c0940,negative
0f870b905c,negative
afd1917b36,negative
6d3c1d8ff7,positive
6face8f81f,negative
291a81553f,negative
7b2a38faa7,negative
415e492cfb,neutral
374ab5e6cd,negative
18bcba79be,neutral
f529745a98,positive
ba6d7433fe,negative
056c205514,negative
ab65e404fd,negative
0815af3970,positive
897dab966b,negative
694a98d42f,negative
1b5a4bc443,negative
92ef69c5ca,negative
4c2540598c,negative
201c6c35e2,negative
b3c6a71077,negative
f78d0594ce,negative
11cab5bac2,negative
37c1594abc,negative
d0c93e2a81,negative
83d9d8ffbe,negative
a9b155d544,negative
37681f23e9,neutral
1305139c4a,negative
3cdfcc7a2c,negative
09554aef59,positive
c25f1544bd,negative
32cde6dbc5,negative
4e1101e520,negative
ed58e3db1d,negative
daba837f14,negative
9664d60456,negative
a29a6f5c41,negative
a4d9ee1aac,negative
5729a6ebb9,negative
b93d5198af,negative
771545d181,negative
65cbb266bf,negative
b93f47d6b0,negative
ce7efcdd0d,positive
d18a58850f,negative
f48211d914,negative
38c94c08b8,positive
bb16d5ae08,positive
817b6da55c,negative
6bb7fa91b2,negative
a9b501f7cd,negative
540fd43bae,negative
9e734c1ed3,negative
0145dc9e7c,positive
bbcf6de580,negative
342c394b9e,negative
fa625455c7,negative
14c9c24f55,positive
475e19cb22,positive
e035bf28b6,negative
a2a8a42a36,negative
42e4df338b,positive
c0a39bf520,positive
645e740cb0,negative
2bca22c7f3,negative
c0603f62dd,positive
f0c1aa8e72,negative
a24748151f,negative
4626b8b37a,negative
caa591cb69,negative
46632450a3,negative
7505a3b214,negative
8d69c4d8e4,negative
91c6546f6b,negative
d29e6d773c,negative
e0589e3ebd,negative
a4f6100563,negative
d3d8561006,negative
c005d6cfde,negative
bb3ef3c925,negative
b5eb308679,neutral
936cc72c9d,negative
1af280ac83,negative
8034e259de,negative
d45f55fad0,negative
a7a4f1809e,negative
6564a03aa0,neutral
f6df0fdbff,positive
b8547d3835,negative
ed036f1d74,negative
a237d86171,negative
82dd0bcffe,negative
89de64f532,negative
e0f51840d2,negative
20f387fede,positive
5d85831fa3,negative
9ef3a57e41,negative
2a20862961,negative
218412b76a,positive
1d865c0717,negative
7b474b659d,negative
73afc6a90d,negative
00e1d9ed60,negative
7a059ccc2f,negative
e4c90cafae,positive
675d0f99ee,negative
82369ff2a2,negative
46f859bacf,negative
d3b70656cd,negative
d6788e5a4f,negative
bef904fa13,positive
5f72b7df41,positive
43661e198b,positive
2cc6d6b3e6,negative
4ca97418b7,negative
be2fadb2bc,negative
1c0b70106f,positive
4d9a27e25a,negative
834651667b,positive
688784c5a9,negative
7d32d4866a,negative
0cbab4e443,neutral
d57bd01b7e,negative
a5912f5b7b,positive
b0f7ac544d,positive
73fd2537e6,negative
20f35978fb,negative
9a8cde88ea,negative
9f48b1d3fa,negative
79bd7de23f,negative
6b3c3e22d5,positive
b411bd3afb,neutral
469196b094,negative
7b65a847b6,negative
cc28178ef0,negative
4200e8b73c,negative
77a7b3282b,negative
76b40b8c3d,negative
1b6fe730fd,negative
2a04e6e839,neutral
f944be482a,positive
d461b50edb,negative
d8ab713a6a,positive
e838d1f366,negative
885b8f47f7,positive
ac3b9688c6,negative
0f93a7a6ff,negative
9a38abcf54,positive
863e09ee74,negative
9501aabea3,negative
40ada63a36,positive
c956722677,negative
1c6ce0a7e3,negative
5648799bc4,positive
59fd038492,negative
0ef8ddf4a1,positive
50ba66785b,negative
827fa68ce4,positive
a60b818d1d,negative
316a1d0f4c,negative
1dc7f3d536,negative
c08d28468b,positive
043c3b53f8,negative
5fc6e71643,negative
27829d97bd,negative
603a6f30be,negative
f13fd6b067,neutral
6bda8dca4d,negative
b70db9bf31,negative
c9980ac0cd,negative
8798f0a924,negative
edef93288d,negative
9f345b18c5,negative
5f857f8279,neutral
391211cd64,positive
b01c4cd28a,neutral
3a92bdf00a,negative
d24ea15375,positive
c3c168bc80,negative
189ea0d26f,positive
fa117106ef,negative
f66bda14c6,negative
cf3dafabb3,negative
242910ff98,positive
60e5c2c335,positive
72b5155719,neutral
bbfe533366,positive
4cb0ab19ed,negative
58e2a00ab8,negative
0a0e2a4f78,negative
975554343f,negative
c7be378db2,negative
87737f8e62,negative
558fe1316b,neutral
a6687519e2,neutral
91f8e27d4c,negative
9a10e4813f,positive
2b31cedc6d,positive
db783cf66a,negative
036cd6abb0,negative
e965e50c60,negative
b1c36b70a4,negative
4d2de9d1af,positive
0c2e7ab834,negative
0bb5b4d19c,negative
e5f0e6ef4b,negative
416863ce47,neutral
6332da480c,negative
df1baec676,negative
469e15c5a8,positive
